Year,Units,Territorio,Serie,Serie temporal,Umbral de pobreza,Value
2010.0,Porcentaje,ES,Serie A,Proporción de personas en riesgo de pobreza relativa según umbral de pobreza,Umbral nacional de pobreza,22.72
2010.0,Porcentaje,ES53,Serie A,Proporción de personas en riesgo de pobreza relativa según umbral de pobreza,Umbral nacional de pobreza,22.71
2011.0,Porcentaje,ES,Serie A,Proporción de personas en riesgo de pobreza relativa según umbral de pobreza,Umbral nacional de pobreza,20.65
2011.0,Porcentaje,ES53,Serie A,Proporción de personas en riesgo de pobreza relativa según umbral de pobreza,Umbral nacional de pobreza,21.0
2012.0,Porcentaje,ES,Serie A,Proporción de personas en riesgo de pobreza relativa según umbral de pobreza,Umbral nacional de pobreza,20.83
2012.0,Porcentaje,ES53,Serie A,Proporción de personas en riesgo de pobreza relativa según umbral de pobreza,Umbral nacional de pobreza,19.86
2013.0,Porcentaje,ES,Serie A,Proporción de personas en riesgo de pobreza relativa según umbral de pobreza,Umbral nacional de pobreza,20.38
2013.0,Porcentaje,ES53,Serie A,Proporción de personas en riesgo de pobreza relativa según umbral de pobreza,Umbral nacional de pobreza,19.77
2014.0,Porcentaje,ES,Serie A,Proporción de personas en riesgo de pobreza relativa según umbral de pobreza,Umbral nacional de pobreza,22.23
2014.0,Porcentaje,ES53,Serie A,Proporción de personas en riesgo de pobreza relativa según umbral de pobreza,Umbral nacional de pobreza,17.87
2015.0,Porcentaje,ES,Serie A,Proporción de personas en riesgo de pobreza relativa según umbral de pobreza,Umbral nacional de pobreza,22.13
2015.0,Porcentaje,ES53,Serie A,Proporción de personas en riesgo de pobreza relativa según umbral de pobreza,Umbral nacional de pobreza,21.69
2016.0,Porcentaje,ES,Serie A,Proporción de personas en riesgo de pobreza relativa según umbral de pobreza,Umbral nacional de pobreza,22.35
2016.0,Porcentaje,ES53,Serie A,Proporción de personas en riesgo de pobreza relativa según umbral de pobreza,Umbral nacional de pobreza,15.55
2017.0,Porcentaje,ES,Serie A,Proporción de personas en riesgo de pobreza relativa según umbral de pobreza,Umbral nacional de pobreza,21.61
2017.0,Porcentaje,ES53,Serie A,Proporción de personas en riesgo de pobreza relativa según umbral de pobreza,Umbral nacional de pobreza,21.25
2018.0,Porcentaje,ES,Serie A,Proporción de personas en riesgo de pobreza relativa según umbral de pobreza,Umbral nacional de pobreza,21.54
2018.0,Porcentaje,ES53,Serie A,Proporción de personas en riesgo de pobreza relativa según umbral de pobreza,Umbral nacional de pobreza,15.37
2019.0,Porcentaje,ES,Serie A,Proporción de personas en riesgo de pobreza relativa según umbral de pobreza,Umbral nacional de pobreza,20.66
2019.0,Porcentaje,ES53,Serie A,Proporción de personas en riesgo de pobreza relativa según umbral de pobreza,Umbral nacional de pobreza,12.05
2020.0,Porcentaje,ES,Serie A,Proporción de personas en riesgo de pobreza relativa según umbral de pobreza,Umbral nacional de pobreza,20.97
2020.0,Porcentaje,ES53,Serie A,Proporción de personas en riesgo de pobreza relativa según umbral de pobreza,Umbral nacional de pobreza,14.07
2021.0,Porcentaje,ES,Serie A,Proporción de personas en riesgo de pobreza relativa según umbral de pobreza,Umbral nacional de pobreza,21.67
2021.0,Porcentaje,ES53,Serie A,Proporción de personas en riesgo de pobreza relativa según umbral de pobreza,Umbral nacional de pobreza,17.62
2022.0,Porcentaje,ES,Serie A,Proporción de personas en riesgo de pobreza relativa según umbral de pobreza,Umbral nacional de pobreza,20.45
2022.0,Porcentaje,ES53,Serie A,Proporción de personas en riesgo de pobreza relativa según umbral de pobreza,Umbral nacional de pobreza,16.95
2023.0,Porcentaje,ES,Serie A,Proporción de personas en riesgo de pobreza relativa según umbral de pobreza,Umbral nacional de pobreza,20.2
2023.0,Porcentaje,ES53,Serie A,Proporción de personas en riesgo de pobreza relativa según umbral de pobreza,Umbral nacional de pobreza,15.35
2010.0,Porcentaje,ES,Serie B,Proporción de personas en riesgo de pobreza relativa según umbral de pobreza,Umbral autonómico de pobreza,19.48
2010.0,Porcentaje,ES53,Serie B,Proporción de personas en riesgo de pobreza relativa según umbral de pobreza,Umbral autonómico de pobreza,24.96
2011.0,Porcentaje,ES,Serie B,Proporción de personas en riesgo de pobreza relativa según umbral de pobreza,Umbral autonómico de pobreza,19.37
2011.0,Porcentaje,ES53,Serie B,Proporción de personas en riesgo de pobreza relativa según umbral de pobreza,Umbral autonómico de pobreza,23.48
2012.0,Porcentaje,ES,Serie B,Proporción de personas en riesgo de pobreza relativa según umbral de pobreza,Umbral autonómico de pobreza,19.69
2012.0,Porcentaje,ES53,Serie B,Proporción de personas en riesgo de pobreza relativa según umbral de pobreza,Umbral autonómico de pobreza,20.54
2013.0,Porcentaje,ES,Serie B,Proporción de personas en riesgo de pobreza relativa según umbral de pobreza,Umbral autonómico de pobreza,19.3
2013.0,Porcentaje,ES53,Serie B,Proporción de personas en riesgo de pobreza relativa según umbral de pobreza,Umbral autonómico de pobreza,19.77
2014.0,Porcentaje,ES,Serie B,Proporción de personas en riesgo de pobreza relativa según umbral de pobreza,Umbral autonómico de pobreza,20.45
2014.0,Porcentaje,ES53,Serie B,Proporción de personas en riesgo de pobreza relativa según umbral de pobreza,Umbral autonómico de pobreza,19.42
2015.0,Porcentaje,ES,Serie B,Proporción de personas en riesgo de pobreza relativa según umbral de pobreza,Umbral autonómico de pobreza,20.23
2015.0,Porcentaje,ES53,Serie B,Proporción de personas en riesgo de pobreza relativa según umbral de pobreza,Umbral autonómico de pobreza,25.86
2016.0,Porcentaje,ES,Serie B,Proporción de personas en riesgo de pobreza relativa según umbral de pobreza,Umbral autonómico de pobreza,20.18
2016.0,Porcentaje,ES53,Serie B,Proporción de personas en riesgo de pobreza relativa según umbral de pobreza,Umbral autonómico de pobreza,18.81
2017.0,Porcentaje,ES,Serie B,Proporción de personas en riesgo de pobreza relativa según umbral de pobreza,Umbral autonómico de pobreza,20.62
2017.0,Porcentaje,ES53,Serie B,Proporción de personas en riesgo de pobreza relativa según umbral de pobreza,Umbral autonómico de pobreza,20.78
2018.0,Porcentaje,ES,Serie B,Proporción de personas en riesgo de pobreza relativa según umbral de pobreza,Umbral autonómico de pobreza,20.23
2018.0,Porcentaje,ES53,Serie B,Proporción de personas en riesgo de pobreza relativa según umbral de pobreza,Umbral autonómico de pobreza,21.6
2019.0,Porcentaje,ES,Serie B,Proporción de personas en riesgo de pobreza relativa según umbral de pobreza,Umbral autonómico de pobreza,19.49
2019.0,Porcentaje,ES53,Serie B,Proporción de personas en riesgo de pobreza relativa según umbral de pobreza,Umbral autonómico de pobreza,18.12
2020.0,Porcentaje,ES,Serie B,Proporción de personas en riesgo de pobreza relativa según umbral de pobreza,Umbral autonómico de pobreza,19.71
2020.0,Porcentaje,ES53,Serie B,Proporción de personas en riesgo de pobreza relativa según umbral de pobreza,Umbral autonómico de pobreza,20.66
2021.0,Porcentaje,ES,Serie B,Proporción de personas en riesgo de pobreza relativa según umbral de pobreza,Umbral autonómico de pobreza,20.61
2021.0,Porcentaje,ES53,Serie B,Proporción de personas en riesgo de pobreza relativa según umbral de pobreza,Umbral autonómico de pobreza,17.52
2022.0,Porcentaje,ES,Serie B,Proporción de personas en riesgo de pobreza relativa según umbral de pobreza,Umbral autonómico de pobreza,19.39
2022.0,Porcentaje,ES53,Serie B,Proporción de personas en riesgo de pobreza relativa según umbral de pobreza,Umbral autonómico de pobreza,16.98
2023.0,Porcentaje,ES,Serie B,Proporción de personas en riesgo de pobreza relativa según umbral de pobreza,Umbral autonómico de pobreza,18.29
2023.0,Porcentaje,ES53,Serie B,Proporción de personas en riesgo de pobreza relativa según umbral de pobreza,Umbral autonómico de pobreza,18.8
2010.0,Porcentaje,ES,Serie C,Proporción de personas en riesgo de pobreza relativa con alquiler imputado según umbral de pobreza,Umbral nacional de pobreza,17.63
2010.0,Porcentaje,ES53,Serie C,Proporción de personas en riesgo de pobreza relativa con alquiler imputado según umbral de pobreza,Umbral nacional de pobreza,22.14
2011.0,Porcentaje,ES,Serie C,Proporción de personas en riesgo de pobreza relativa con alquiler imputado según umbral de pobreza,Umbral nacional de pobreza,17.82
2011.0,Porcentaje,ES53,Serie C,Proporción de personas en riesgo de pobreza relativa con alquiler imputado según umbral de pobreza,Umbral nacional de pobreza,17.9
2012.0,Porcentaje,ES,Serie C,Proporción de personas en riesgo de pobreza relativa con alquiler imputado según umbral de pobreza,Umbral nacional de pobreza,18.98
2012.0,Porcentaje,ES53,Serie C,Proporción de personas en riesgo de pobreza relativa con alquiler imputado según umbral de pobreza,Umbral nacional de pobreza,20.61
2013.0,Porcentaje,ES,Serie C,Proporción de personas en riesgo de pobreza relativa con alquiler imputado según umbral de pobreza,Umbral nacional de pobreza,18.69
2013.0,Porcentaje,ES53,Serie C,Proporción de personas en riesgo de pobreza relativa con alquiler imputado según umbral de pobreza,Umbral nacional de pobreza,19.5
2014.0,Porcentaje,ES,Serie C,Proporción de personas en riesgo de pobreza relativa con alquiler imputado según umbral de pobreza,Umbral nacional de pobreza,19.88
2014.0,Porcentaje,ES53,Serie C,Proporción de personas en riesgo de pobreza relativa con alquiler imputado según umbral de pobreza,Umbral nacional de pobreza,18.38
2015.0,Porcentaje,ES,Serie C,Proporción de personas en riesgo de pobreza relativa con alquiler imputado según umbral de pobreza,Umbral nacional de pobreza,19.51
2015.0,Porcentaje,ES53,Serie C,Proporción de personas en riesgo de pobreza relativa con alquiler imputado según umbral de pobreza,Umbral nacional de pobreza,21.99
2016.0,Porcentaje,ES,Serie C,Proporción de personas en riesgo de pobreza relativa con alquiler imputado según umbral de pobreza,Umbral nacional de pobreza,19.81
2016.0,Porcentaje,ES53,Serie C,Proporción de personas en riesgo de pobreza relativa con alquiler imputado según umbral de pobreza,Umbral nacional de pobreza,15.97
2017.0,Porcentaje,ES,Serie C,Proporción de personas en riesgo de pobreza relativa con alquiler imputado según umbral de pobreza,Umbral nacional de pobreza,19.69
2017.0,Porcentaje,ES53,Serie C,Proporción de personas en riesgo de pobreza relativa con alquiler imputado según umbral de pobreza,Umbral nacional de pobreza,23.77
2018.0,Porcentaje,ES,Serie C,Proporción de personas en riesgo de pobreza relativa con alquiler imputado según umbral de pobreza,Umbral nacional de pobreza,19.14
2018.0,Porcentaje,ES53,Serie C,Proporción de personas en riesgo de pobreza relativa con alquiler imputado según umbral de pobreza,Umbral nacional de pobreza,12.8
2019.0,Porcentaje,ES,Serie C,Proporción de personas en riesgo de pobreza relativa con alquiler imputado según umbral de pobreza,Umbral nacional de pobreza,18.59
2019.0,Porcentaje,ES53,Serie C,Proporción de personas en riesgo de pobreza relativa con alquiler imputado según umbral de pobreza,Umbral nacional de pobreza,14.8
2020.0,Porcentaje,ES,Serie C,Proporción de personas en riesgo de pobreza relativa con alquiler imputado según umbral de pobreza,Umbral nacional de pobreza,18.65
2020.0,Porcentaje,ES53,Serie C,Proporción de personas en riesgo de pobreza relativa con alquiler imputado según umbral de pobreza,Umbral nacional de pobreza,16.06
2021.0,Porcentaje,ES,Serie C,Proporción de personas en riesgo de pobreza relativa con alquiler imputado según umbral de pobreza,Umbral nacional de pobreza,19.12
2021.0,Porcentaje,ES53,Serie C,Proporción de personas en riesgo de pobreza relativa con alquiler imputado según umbral de pobreza,Umbral nacional de pobreza,20.17
2022.0,Porcentaje,ES,Serie C,Proporción de personas en riesgo de pobreza relativa con alquiler imputado según umbral de pobreza,Umbral nacional de pobreza,17.75
2022.0,Porcentaje,ES53,Serie C,Proporción de personas en riesgo de pobreza relativa con alquiler imputado según umbral de pobreza,Umbral nacional de pobreza,15.25
2023.0,Porcentaje,ES,Serie C,Proporción de personas en riesgo de pobreza relativa con alquiler imputado según umbral de pobreza,Umbral nacional de pobreza,17.37
2023.0,Porcentaje,ES53,Serie C,Proporción de personas en riesgo de pobreza relativa con alquiler imputado según umbral de pobreza,Umbral nacional de pobreza,15.42
2010.0,Porcentaje,ES,Serie D,Proporción de personas en riesgo de pobreza relativa con alquiler imputado según umbral de pobreza,Umbral autonómico de pobreza,16.78
2010.0,Porcentaje,ES53,Serie D,Proporción de personas en riesgo de pobreza relativa con alquiler imputado según umbral de pobreza,Umbral autonómico de pobreza,21.64
2011.0,Porcentaje,ES,Serie D,Proporción de personas en riesgo de pobreza relativa con alquiler imputado según umbral de pobreza,Umbral autonómico de pobreza,16.9
2011.0,Porcentaje,ES53,Serie D,Proporción de personas en riesgo de pobreza relativa con alquiler imputado según umbral de pobreza,Umbral autonómico de pobreza,17.9
2012.0,Porcentaje,ES,Serie D,Proporción de personas en riesgo de pobreza relativa con alquiler imputado según umbral de pobreza,Umbral autonómico de pobreza,17.72
2012.0,Porcentaje,ES53,Serie D,Proporción de personas en riesgo de pobreza relativa con alquiler imputado según umbral de pobreza,Umbral autonómico de pobreza,20.61
2013.0,Porcentaje,ES,Serie D,Proporción de personas en riesgo de pobreza relativa con alquiler imputado según umbral de pobreza,Umbral autonómico de pobreza,18.11
2013.0,Porcentaje,ES53,Serie D,Proporción de personas en riesgo de pobreza relativa con alquiler imputado según umbral de pobreza,Umbral autonómico de pobreza,18.31
2014.0,Porcentaje,ES,Serie D,Proporción de personas en riesgo de pobreza relativa con alquiler imputado según umbral de pobreza,Umbral autonómico de pobreza,18.78
2014.0,Porcentaje,ES53,Serie D,Proporción de personas en riesgo de pobreza relativa con alquiler imputado según umbral de pobreza,Umbral autonómico de pobreza,19.02
2015.0,Porcentaje,ES,Serie D,Proporción de personas en riesgo de pobreza relativa con alquiler imputado según umbral de pobreza,Umbral autonómico de pobreza,18.43
2015.0,Porcentaje,ES53,Serie D,Proporción de personas en riesgo de pobreza relativa con alquiler imputado según umbral de pobreza,Umbral autonómico de pobreza,24.58
2016.0,Porcentaje,ES,Serie D,Proporción de personas en riesgo de pobreza relativa con alquiler imputado según umbral de pobreza,Umbral autonómico de pobreza,17.97
2016.0,Porcentaje,ES53,Serie D,Proporción de personas en riesgo de pobreza relativa con alquiler imputado según umbral de pobreza,Umbral autonómico de pobreza,17.75
2017.0,Porcentaje,ES,Serie D,Proporción de personas en riesgo de pobreza relativa con alquiler imputado según umbral de pobreza,Umbral autonómico de pobreza,18.18
2017.0,Porcentaje,ES53,Serie D,Proporción de personas en riesgo de pobreza relativa con alquiler imputado según umbral de pobreza,Umbral autonómico de pobreza,23.96
2018.0,Porcentaje,ES,Serie D,Proporción de personas en riesgo de pobreza relativa con alquiler imputado según umbral de pobreza,Umbral autonómico de pobreza,17.6
2018.0,Porcentaje,ES53,Serie D,Proporción de personas en riesgo de pobreza relativa con alquiler imputado según umbral de pobreza,Umbral autonómico de pobreza,18.39
2019.0,Porcentaje,ES,Serie D,Proporción de personas en riesgo de pobreza relativa con alquiler imputado según umbral de pobreza,Umbral autonómico de pobreza,17.16
2019.0,Porcentaje,ES53,Serie D,Proporción de personas en riesgo de pobreza relativa con alquiler imputado según umbral de pobreza,Umbral autonómico de pobreza,18.18
2020.0,Porcentaje,ES,Serie D,Proporción de personas en riesgo de pobreza relativa con alquiler imputado según umbral de pobreza,Umbral autonómico de pobreza,17.76
2020.0,Porcentaje,ES53,Serie D,Proporción de personas en riesgo de pobreza relativa con alquiler imputado según umbral de pobreza,Umbral autonómico de pobreza,17.68
2021.0,Porcentaje,ES,Serie D,Proporción de personas en riesgo de pobreza relativa con alquiler imputado según umbral de pobreza,Umbral autonómico de pobreza,18.23
2021.0,Porcentaje,ES53,Serie D,Proporción de personas en riesgo de pobreza relativa con alquiler imputado según umbral de pobreza,Umbral autonómico de pobreza,20.17
2022.0,Porcentaje,ES,Serie D,Proporción de personas en riesgo de pobreza relativa con alquiler imputado según umbral de pobreza,Umbral autonómico de pobreza,16.88
2022.0,Porcentaje,ES53,Serie D,Proporción de personas en riesgo de pobreza relativa con alquiler imputado según umbral de pobreza,Umbral autonómico de pobreza,15.4
2023.0,Porcentaje,ES,Serie D,Proporción de personas en riesgo de pobreza relativa con alquiler imputado según umbral de pobreza,Umbral autonómico de pobreza,16.02
2023.0,Porcentaje,ES53,Serie D,Proporción de personas en riesgo de pobreza relativa con alquiler imputado según umbral de pobreza,Umbral autonómico de pobreza,16.18
,,,,,,
